sample_id,fasta,sig,bam,group,species,gtf
SRR306757_GSM752614_mmu_br_F_1,/home/olga/ibm_lg/kmer-hashing/brawand2011/kmermaid_uniprot_opisthokonta/extract_coding/SRR306757_GSM752614_mmu_br_F_1__coding_reads_peptides.fasta,/home/olga/ibm_lg/kmer-hashing/brawand2011/kmermaid_existing_peptides_uniprot_opisthokonta/sketches_peptide/molecule-protein_ksize-27_log2sketchsize-14_trackabundance-true/SRR306757_GSM752614_mmu_br_F_1__coding_reads_peptides_molecule-protein_ksize-27_log2sketchsize-14_trackabundance-true.sig,/home/olga/ibm_lg/kmer-hashing/brawand2011/nfcore-rnaseq/mouse/single_end/STAR/SRR306757_GSM752614_mmu_br_F_1Aligned.sortedByCoord.out.bam,Brain,Mouse,/home/olga/ibm_lg/czbiohub-reference/gencode/mouse/vM21/gencode.vM21.annotation.gtf
SRR306758_GSM752615_mmu_br_M_1,/home/olga/ibm_lg/kmer-hashing/brawand2011/kmermaid_uniprot_opisthokonta/extract_coding/SRR306758_GSM752615_mmu_br_M_1__coding_reads_peptides.fasta,/home/olga/ibm_lg/kmer-hashing/brawand2011/kmermaid_existing_peptides_uniprot_opisthokonta/sketches_peptide/molecule-protein_ksize-27_log2sketchsize-14_trackabundance-true/SRR306758_GSM752615_mmu_br_M_1__coding_reads_peptides_molecule-protein_ksize-27_log2sketchsize-14_trackabundance-true.sig,/home/olga/ibm_lg/kmer-hashing/brawand2011/nfcore-rnaseq/mouse/single_end/STAR/SRR306758_GSM752615_mmu_br_M_1Aligned.sortedByCoord.out.bam,Brain,Mouse,/home/olga/ibm_lg/czbiohub-reference/gencode/mouse/vM21/gencode.vM21.annotation.gtf
SRR306759_GSM752615_mmu_br_M_1,/home/olga/ibm_lg/kmer-hashing/brawand2011/kmermaid_uniprot_opisthokonta/extract_coding/SRR306759_GSM752615_mmu_br_M_1__coding_reads_peptides.fasta,/home/olga/ibm_lg/kmer-hashing/brawand2011/kmermaid_existing_peptides_uniprot_opisthokonta/sketches_peptide/molecule-protein_ksize-27_log2sketchsize-14_trackabundance-true/SRR306759_GSM752615_mmu_br_M_1__coding_reads_peptides_molecule-protein_ksize-27_log2sketchsize-14_trackabundance-true.sig,/home/olga/ibm_lg/kmer-hashing/brawand2011/nfcore-rnaseq/mouse/single_end/STAR/SRR306759_GSM752615_mmu_br_M_1Aligned.sortedByCoord.out.bam,Brain,Mouse,/home/olga/ibm_lg/czbiohub-reference/gencode/mouse/vM21/gencode.vM21.annotation.gtf
SRR306760_GSM752615_mmu_br_M_1,/home/olga/ibm_lg/kmer-hashing/brawand2011/kmermaid_uniprot_opisthokonta/extract_coding/SRR306760_GSM752615_mmu_br_M_1__coding_reads_peptides.fasta,/home/olga/ibm_lg/kmer-hashing/brawand2011/kmermaid_existing_peptides_uniprot_opisthokonta/sketches_peptide/molecule-protein_ksize-27_log2sketchsize-14_trackabundance-true/SRR306760_GSM752615_mmu_br_M_1__coding_reads_peptides_molecule-protein_ksize-27_log2sketchsize-14_trackabundance-true.sig,/home/olga/ibm_lg/kmer-hashing/brawand2011/nfcore-rnaseq/mouse/single_end/STAR/SRR306760_GSM752615_mmu_br_M_1Aligned.sortedByCoord.out.bam,Brain,Mouse,/home/olga/ibm_lg/czbiohub-reference/gencode/mouse/vM21/gencode.vM21.annotation.gtf
SRR306761_GSM752615_mmu_br_M_1,/home/olga/ibm_lg/kmer-hashing/brawand2011/kmermaid_uniprot_opisthokonta/extract_coding/SRR306761_GSM752615_mmu_br_M_1__coding_reads_peptides.fasta,/home/olga/ibm_lg/kmer-hashing/brawand2011/kmermaid_existing_peptides_uniprot_opisthokonta/sketches_peptide/molecule-protein_ksize-27_log2sketchsize-14_trackabundance-true/SRR306761_GSM752615_mmu_br_M_1__coding_reads_peptides_molecule-protein_ksize-27_log2sketchsize-14_trackabundance-true.sig,/home/olga/ibm_lg/kmer-hashing/brawand2011/nfcore-rnaseq/mouse/single_end/STAR/SRR306761_GSM752615_mmu_br_M_1Aligned.sortedByCoord.out.bam,Brain,Mouse,/home/olga/ibm_lg/czbiohub-reference/gencode/mouse/vM21/gencode.vM21.annotation.gtf
SRR306762_GSM752616_mmu_br_M_2,/home/olga/ibm_lg/kmer-hashing/brawand2011/kmermaid_uniprot_opisthokonta/extract_coding/SRR306762_GSM752616_mmu_br_M_2__coding_reads_peptides.fasta,/home/olga/ibm_lg/kmer-hashing/brawand2011/kmermaid_existing_peptides_uniprot_opisthokonta/sketches_peptide/molecule-protein_ksize-27_log2sketchsize-14_trackabundance-true/SRR306762_GSM752616_mmu_br_M_2__coding_reads_peptides_molecule-protein_ksize-27_log2sketchsize-14_trackabundance-true.sig,/home/olga/ibm_lg/kmer-hashing/brawand2011/nfcore-rnaseq/mouse/single_end/STAR/SRR306762_GSM752616_mmu_br_M_2Aligned.sortedByCoord.out.bam,Brain,Mouse,/home/olga/ibm_lg/czbiohub-reference/gencode/mouse/vM21/gencode.vM21.annotation.gtf
SRR306763_GSM752617_mmu_cb_F_1,/home/olga/ibm_lg/kmer-hashing/brawand2011/kmermaid_uniprot_opisthokonta/extract_coding/SRR306763_GSM752617_mmu_cb_F_1__coding_reads_peptides.fasta,/home/olga/ibm_lg/kmer-hashing/brawand2011/kmermaid_existing_peptides_uniprot_opisthokonta/sketches_peptide/molecule-protein_ksize-27_log2sketchsize-14_trackabundance-true/SRR306763_GSM752617_mmu_cb_F_1__coding_reads_peptides_molecule-protein_ksize-27_log2sketchsize-14_trackabundance-true.sig,/home/olga/ibm_lg/kmer-hashing/brawand2011/nfcore-rnaseq/mouse/single_end/STAR/SRR306763_GSM752617_mmu_cb_F_1Aligned.sortedByCoord.out.bam,Cerebellum,Mouse,/home/olga/ibm_lg/czbiohub-reference/gencode/mouse/vM21/gencode.vM21.annotation.gtf
SRR306764_GSM752618_mmu_cb_M_1,/home/olga/ibm_lg/kmer-hashing/brawand2011/kmermaid_uniprot_opisthokonta/extract_coding/SRR306764_GSM752618_mmu_cb_M_1__coding_reads_peptides.fasta,/home/olga/ibm_lg/kmer-hashing/brawand2011/kmermaid_existing_peptides_uniprot_opisthokonta/sketches_peptide/molecule-protein_ksize-27_log2sketchsize-14_trackabundance-true/SRR306764_GSM752618_mmu_cb_M_1__coding_reads_peptides_molecule-protein_ksize-27_log2sketchsize-14_trackabundance-true.sig,/home/olga/ibm_lg/kmer-hashing/brawand2011/nfcore-rnaseq/mouse/single_end/STAR/SRR306764_GSM752618_mmu_cb_M_1Aligned.sortedByCoord.out.bam,Cerebellum,Mouse,/home/olga/ibm_lg/czbiohub-reference/gencode/mouse/vM21/gencode.vM21.annotation.gtf
SRR306765_GSM752619_mmu_cb_M_2,/home/olga/ibm_lg/kmer-hashing/brawand2011/kmermaid_uniprot_opisthokonta/extract_coding/SRR306765_GSM752619_mmu_cb_M_2__coding_reads_peptides.fasta,/home/olga/ibm_lg/kmer-hashing/brawand2011/kmermaid_existing_peptides_uniprot_opisthokonta/sketches_peptide/molecule-protein_ksize-27_log2sketchsize-14_trackabundance-true/SRR306765_GSM752619_mmu_cb_M_2__coding_reads_peptides_molecule-protein_ksize-27_log2sketchsize-14_trackabundance-true.sig,/home/olga/ibm_lg/kmer-hashing/brawand2011/nfcore-rnaseq/mouse/single_end/STAR/SRR306765_GSM752619_mmu_cb_M_2Aligned.sortedByCoord.out.bam,Cerebellum,Mouse,/home/olga/ibm_lg/czbiohub-reference/gencode/mouse/vM21/gencode.vM21.annotation.gtf
SRR306766_GSM752620_mmu_ht_F_1,/home/olga/ibm_lg/kmer-hashing/brawand2011/kmermaid_uniprot_opisthokonta/extract_coding/SRR306766_GSM752620_mmu_ht_F_1__coding_reads_peptides.fasta,/home/olga/ibm_lg/kmer-hashing/brawand2011/kmermaid_existing_peptides_uniprot_opisthokonta/sketches_peptide/molecule-protein_ksize-27_log2sketchsize-14_trackabundance-true/SRR306766_GSM752620_mmu_ht_F_1__coding_reads_peptides_molecule-protein_ksize-27_log2sketchsize-14_trackabundance-true.sig,/home/olga/ibm_lg/kmer-hashing/brawand2011/nfcore-rnaseq/mouse/single_end/STAR/SRR306766_GSM752620_mmu_ht_F_1Aligned.sortedByCoord.out.bam,Heart,Mouse,/home/olga/ibm_lg/czbiohub-reference/gencode/mouse/vM21/gencode.vM21.annotation.gtf
SRR306767_GSM752621_mmu_ht_M_1,/home/olga/ibm_lg/kmer-hashing/brawand2011/kmermaid_uniprot_opisthokonta/extract_coding/SRR306767_GSM752621_mmu_ht_M_1__coding_reads_peptides.fasta,/home/olga/ibm_lg/kmer-hashing/brawand2011/kmermaid_existing_peptides_uniprot_opisthokonta/sketches_peptide/molecule-protein_ksize-27_log2sketchsize-14_trackabundance-true/SRR306767_GSM752621_mmu_ht_M_1__coding_reads_peptides_molecule-protein_ksize-27_log2sketchsize-14_trackabundance-true.sig,/home/olga/ibm_lg/kmer-hashing/brawand2011/nfcore-rnaseq/mouse/single_end/STAR/SRR306767_GSM752621_mmu_ht_M_1Aligned.sortedByCoord.out.bam,Heart,Mouse,/home/olga/ibm_lg/czbiohub-reference/gencode/mouse/vM21/gencode.vM21.annotation.gtf
SRR306768_GSM752622_mmu_ht_M_2,/home/olga/ibm_lg/kmer-hashing/brawand2011/kmermaid_uniprot_opisthokonta/extract_coding/SRR306768_GSM752622_mmu_ht_M_2__coding_reads_peptides.fasta,/home/olga/ibm_lg/kmer-hashing/brawand2011/kmermaid_existing_peptides_uniprot_opisthokonta/sketches_peptide/molecule-protein_ksize-27_log2sketchsize-14_trackabundance-true/SRR306768_GSM752622_mmu_ht_M_2__coding_reads_peptides_molecule-protein_ksize-27_log2sketchsize-14_trackabundance-true.sig,/home/olga/ibm_lg/kmer-hashing/brawand2011/nfcore-rnaseq/mouse/single_end/STAR/SRR306768_GSM752622_mmu_ht_M_2Aligned.sortedByCoord.out.bam,Heart,Mouse,/home/olga/ibm_lg/czbiohub-reference/gencode/mouse/vM21/gencode.vM21.annotation.gtf
SRR306769_GSM752623_mmu_kd_F_1,/home/olga/ibm_lg/kmer-hashing/brawand2011/kmermaid_uniprot_opisthokonta/extract_coding/SRR306769_GSM752623_mmu_kd_F_1__coding_reads_peptides.fasta,/home/olga/ibm_lg/kmer-hashing/brawand2011/kmermaid_existing_peptides_uniprot_opisthokonta/sketches_peptide/molecule-protein_ksize-27_log2sketchsize-14_trackabundance-true/SRR306769_GSM752623_mmu_kd_F_1__coding_reads_peptides_molecule-protein_ksize-27_log2sketchsize-14_trackabundance-true.sig,/home/olga/ibm_lg/kmer-hashing/brawand2011/nfcore-rnaseq/mouse/single_end/STAR/SRR306769_GSM752623_mmu_kd_F_1Aligned.sortedByCoord.out.bam,Kidney,Mouse,/home/olga/ibm_lg/czbiohub-reference/gencode/mouse/vM21/gencode.vM21.annotation.gtf
SRR306770_GSM752624_mmu_kd_M_1,/home/olga/ibm_lg/kmer-hashing/brawand2011/kmermaid_uniprot_opisthokonta/extract_coding/SRR306770_GSM752624_mmu_kd_M_1__coding_reads_peptides.fasta,/home/olga/ibm_lg/kmer-hashing/brawand2011/kmermaid_existing_peptides_uniprot_opisthokonta/sketches_peptide/molecule-protein_ksize-27_log2sketchsize-14_trackabundance-true/SRR306770_GSM752624_mmu_kd_M_1__coding_reads_peptides_molecule-protein_ksize-27_log2sketchsize-14_trackabundance-true.sig,/home/olga/ibm_lg/kmer-hashing/brawand2011/nfcore-rnaseq/mouse/single_end/STAR/SRR306770_GSM752624_mmu_kd_M_1Aligned.sortedByCoord.out.bam,Kidney,Mouse,/home/olga/ibm_lg/czbiohub-reference/gencode/mouse/vM21/gencode.vM21.annotation.gtf
SRR306771_GSM752625_mmu_kd_M_2,/home/olga/ibm_lg/kmer-hashing/brawand2011/kmermaid_uniprot_opisthokonta/extract_coding/SRR306771_GSM752625_mmu_kd_M_2__coding_reads_peptides.fasta,/home/olga/ibm_lg/kmer-hashing/brawand2011/kmermaid_existing_peptides_uniprot_opisthokonta/sketches_peptide/molecule-protein_ksize-27_log2sketchsize-14_trackabundance-true/SRR306771_GSM752625_mmu_kd_M_2__coding_reads_peptides_molecule-protein_ksize-27_log2sketchsize-14_trackabundance-true.sig,/home/olga/ibm_lg/kmer-hashing/brawand2011/nfcore-rnaseq/mouse/single_end/STAR/SRR306771_GSM752625_mmu_kd_M_2Aligned.sortedByCoord.out.bam,Kidney,Mouse,/home/olga/ibm_lg/czbiohub-reference/gencode/mouse/vM21/gencode.vM21.annotation.gtf
SRR306772_GSM752626_mmu_lv_F_1,/home/olga/ibm_lg/kmer-hashing/brawand2011/kmermaid_uniprot_opisthokonta/extract_coding/SRR306772_GSM752626_mmu_lv_F_1__coding_reads_peptides.fasta,/home/olga/ibm_lg/kmer-hashing/brawand2011/kmermaid_existing_peptides_uniprot_opisthokonta/sketches_peptide/molecule-protein_ksize-27_log2sketchsize-14_trackabundance-true/SRR306772_GSM752626_mmu_lv_F_1__coding_reads_peptides_molecule-protein_ksize-27_log2sketchsize-14_trackabundance-true.sig,/home/olga/ibm_lg/kmer-hashing/brawand2011/nfcore-rnaseq/mouse/single_end/STAR/SRR306772_GSM752626_mmu_lv_F_1Aligned.sortedByCoord.out.bam,Liver,Mouse,/home/olga/ibm_lg/czbiohub-reference/gencode/mouse/vM21/gencode.vM21.annotation.gtf
SRR306773_GSM752627_mmu_lv_M_1,/home/olga/ibm_lg/kmer-hashing/brawand2011/kmermaid_uniprot_opisthokonta/extract_coding/SRR306773_GSM752627_mmu_lv_M_1__coding_reads_peptides.fasta,/home/olga/ibm_lg/kmer-hashing/brawand2011/kmermaid_existing_peptides_uniprot_opisthokonta/sketches_peptide/molecule-protein_ksize-27_log2sketchsize-14_trackabundance-true/SRR306773_GSM752627_mmu_lv_M_1__coding_reads_peptides_molecule-protein_ksize-27_log2sketchsize-14_trackabundance-true.sig,/home/olga/ibm_lg/kmer-hashing/brawand2011/nfcore-rnaseq/mouse/single_end/STAR/SRR306773_GSM752627_mmu_lv_M_1Aligned.sortedByCoord.out.bam,Liver,Mouse,/home/olga/ibm_lg/czbiohub-reference/gencode/mouse/vM21/gencode.vM21.annotation.gtf
SRR306774_GSM752628_mmu_lv_M_2,/home/olga/ibm_lg/kmer-hashing/brawand2011/kmermaid_uniprot_opisthokonta/extract_coding/SRR306774_GSM752628_mmu_lv_M_2__coding_reads_peptides.fasta,/home/olga/ibm_lg/kmer-hashing/brawand2011/kmermaid_existing_peptides_uniprot_opisthokonta/sketches_peptide/molecule-protein_ksize-27_log2sketchsize-14_trackabundance-true/SRR306774_GSM752628_mmu_lv_M_2__coding_reads_peptides_molecule-protein_ksize-27_log2sketchsize-14_trackabundance-true.sig,/home/olga/ibm_lg/kmer-hashing/brawand2011/nfcore-rnaseq/mouse/single_end/STAR/SRR306774_GSM752628_mmu_lv_M_2Aligned.sortedByCoord.out.bam,Liver,Mouse,/home/olga/ibm_lg/czbiohub-reference/gencode/mouse/vM21/gencode.vM21.annotation.gtf
SRR306775_GSM752629_mmu_ts_M_1,/home/olga/ibm_lg/kmer-hashing/brawand2011/kmermaid_uniprot_opisthokonta/extract_coding/SRR306775_GSM752629_mmu_ts_M_1__coding_reads_peptides.fasta,/home/olga/ibm_lg/kmer-hashing/brawand2011/kmermaid_existing_peptides_uniprot_opisthokonta/sketches_peptide/molecule-protein_ksize-27_log2sketchsize-14_trackabundance-true/SRR306775_GSM752629_mmu_ts_M_1__coding_reads_peptides_molecule-protein_ksize-27_log2sketchsize-14_trackabundance-true.sig,/home/olga/ibm_lg/kmer-hashing/brawand2011/nfcore-rnaseq/mouse/single_end/STAR/SRR306775_GSM752629_mmu_ts_M_1Aligned.sortedByCoord.out.bam,Testis,Mouse,/home/olga/ibm_lg/czbiohub-reference/gencode/mouse/vM21/gencode.vM21.annotation.gtf
SRR306776_GSM752630_mmu_ts_M_2,/home/olga/ibm_lg/kmer-hashing/brawand2011/kmermaid_uniprot_opisthokonta/extract_coding/SRR306776_GSM752630_mmu_ts_M_2__coding_reads_peptides.fasta,/home/olga/ibm_lg/kmer-hashing/brawand2011/kmermaid_existing_peptides_uniprot_opisthokonta/sketches_peptide/molecule-protein_ksize-27_log2sketchsize-14_trackabundance-true/SRR306776_GSM752630_mmu_ts_M_2__coding_reads_peptides_molecule-protein_ksize-27_log2sketchsize-14_trackabundance-true.sig,/home/olga/ibm_lg/kmer-hashing/brawand2011/nfcore-rnaseq/mouse/single_end/STAR/SRR306776_GSM752630_mmu_ts_M_2Aligned.sortedByCoord.out.bam,Testis,Mouse,/home/olga/ibm_lg/czbiohub-reference/gencode/mouse/vM21/gencode.vM21.annotation.gtf
SRR306777_GSM752631_mml_br_F_1,/home/olga/ibm_lg/kmer-hashing/brawand2011/kmermaid_uniprot_opisthokonta/extract_coding/SRR306777_GSM752631_mml_br_F_1__coding_reads_peptides.fasta,/home/olga/ibm_lg/kmer-hashing/brawand2011/kmermaid_existing_peptides_uniprot_opisthokonta/sketches_peptide/molecule-protein_ksize-27_log2sketchsize-14_trackabundance-true/SRR306777_GSM752631_mml_br_F_1__coding_reads_peptides_molecule-protein_ksize-27_log2sketchsize-14_trackabundance-true.sig,/home/olga/ibm_lg/kmer-hashing/brawand2011/nfcore-rnaseq/macaque/single_end/STAR/SRR306777_GSM752631_mml_br_F_1Aligned.sortedByCoord.out.bam,Brain,Macaque,/home/olga/ibm_lg/kmer-hashing/brawand2011/nfcore-rnaseq/macaque/single_end/reference_genome/Macaca_mulatta.Mmul_8.0.1.97.gtf
SRR306778_GSM752632_mml_br_M_1,/home/olga/ibm_lg/kmer-hashing/brawand2011/kmermaid_uniprot_opisthokonta/extract_coding/SRR306778_GSM752632_mml_br_M_1__coding_reads_peptides.fasta,/home/olga/ibm_lg/kmer-hashing/brawand2011/kmermaid_existing_peptides_uniprot_opisthokonta/sketches_peptide/molecule-protein_ksize-27_log2sketchsize-14_trackabundance-true/SRR306778_GSM752632_mml_br_M_1__coding_reads_peptides_molecule-protein_ksize-27_log2sketchsize-14_trackabundance-true.sig,/home/olga/ibm_lg/kmer-hashing/brawand2011/nfcore-rnaseq/macaque/single_end/STAR/SRR306778_GSM752632_mml_br_M_1Aligned.sortedByCoord.out.bam,Brain,Macaque,/home/olga/ibm_lg/kmer-hashing/brawand2011/nfcore-rnaseq/macaque/single_end/reference_genome/Macaca_mulatta.Mmul_8.0.1.97.gtf
SRR306780_GSM752634_mml_cb_F_1,/home/olga/ibm_lg/kmer-hashing/brawand2011/kmermaid_uniprot_opisthokonta/extract_coding/SRR306780_GSM752634_mml_cb_F_1__coding_reads_peptides.fasta,/home/olga/ibm_lg/kmer-hashing/brawand2011/kmermaid_existing_peptides_uniprot_opisthokonta/sketches_peptide/molecule-protein_ksize-27_log2sketchsize-14_trackabundance-true/SRR306780_GSM752634_mml_cb_F_1__coding_reads_peptides_molecule-protein_ksize-27_log2sketchsize-14_trackabundance-true.sig,/home/olga/ibm_lg/kmer-hashing/brawand2011/nfcore-rnaseq/macaque/single_end/STAR/SRR306780_GSM752634_mml_cb_F_1Aligned.sortedByCoord.out.bam,Cerebellum,Macaque,/home/olga/ibm_lg/kmer-hashing/brawand2011/nfcore-rnaseq/macaque/single_end/reference_genome/Macaca_mulatta.Mmul_8.0.1.97.gtf
SRR306781_GSM752635_mml_cb_M_1,/home/olga/ibm_lg/kmer-hashing/brawand2011/kmermaid_uniprot_opisthokonta/extract_coding/SRR306781_GSM752635_mml_cb_M_1__coding_reads_peptides.fasta,/home/olga/ibm_lg/kmer-hashing/brawand2011/kmermaid_existing_peptides_uniprot_opisthokonta/sketches_peptide/molecule-protein_ksize-27_log2sketchsize-14_trackabundance-true/SRR306781_GSM752635_mml_cb_M_1__coding_reads_peptides_molecule-protein_ksize-27_log2sketchsize-14_trackabundance-true.sig,/home/olga/ibm_lg/kmer-hashing/brawand2011/nfcore-rnaseq/macaque/single_end/STAR/SRR306781_GSM752635_mml_cb_M_1Aligned.sortedByCoord.out.bam,Cerebellum,Macaque,/home/olga/ibm_lg/kmer-hashing/brawand2011/nfcore-rnaseq/macaque/single_end/reference_genome/Macaca_mulatta.Mmul_8.0.1.97.gtf
SRR306782_GSM752636_mml_ht_F_1,/home/olga/ibm_lg/kmer-hashing/brawand2011/kmermaid_uniprot_opisthokonta/extract_coding/SRR306782_GSM752636_mml_ht_F_1__coding_reads_peptides.fasta,/home/olga/ibm_lg/kmer-hashing/brawand2011/kmermaid_existing_peptides_uniprot_opisthokonta/sketches_peptide/molecule-protein_ksize-27_log2sketchsize-14_trackabundance-true/SRR306782_GSM752636_mml_ht_F_1__coding_reads_peptides_molecule-protein_ksize-27_log2sketchsize-14_trackabundance-true.sig,/home/olga/ibm_lg/kmer-hashing/brawand2011/nfcore-rnaseq/macaque/single_end/STAR/SRR306782_GSM752636_mml_ht_F_1Aligned.sortedByCoord.out.bam,Heart,Macaque,/home/olga/ibm_lg/kmer-hashing/brawand2011/nfcore-rnaseq/macaque/single_end/reference_genome/Macaca_mulatta.Mmul_8.0.1.97.gtf
SRR306783_GSM752637_mml_ht_M_1,/home/olga/ibm_lg/kmer-hashing/brawand2011/kmermaid_uniprot_opisthokonta/extract_coding/SRR306783_GSM752637_mml_ht_M_1__coding_reads_peptides.fasta,/home/olga/ibm_lg/kmer-hashing/brawand2011/kmermaid_existing_peptides_uniprot_opisthokonta/sketches_peptide/molecule-protein_ksize-27_log2sketchsize-14_trackabundance-true/SRR306783_GSM752637_mml_ht_M_1__coding_reads_peptides_molecule-protein_ksize-27_log2sketchsize-14_trackabundance-true.sig,/home/olga/ibm_lg/kmer-hashing/brawand2011/nfcore-rnaseq/macaque/single_end/STAR/SRR306783_GSM752637_mml_ht_M_1Aligned.sortedByCoord.out.bam,Heart,Macaque,/home/olga/ibm_lg/kmer-hashing/brawand2011/nfcore-rnaseq/macaque/single_end/reference_genome/Macaca_mulatta.Mmul_8.0.1.97.gtf
SRR306784_GSM752638_mml_kd_F_1,/home/olga/ibm_lg/kmer-hashing/brawand2011/kmermaid_uniprot_opisthokonta/extract_coding/SRR306784_GSM752638_mml_kd_F_1__coding_reads_peptides.fasta,/home/olga/ibm_lg/kmer-hashing/brawand2011/kmermaid_existing_peptides_uniprot_opisthokonta/sketches_peptide/molecule-protein_ksize-27_log2sketchsize-14_trackabundance-true/SRR306784_GSM752638_mml_kd_F_1__coding_reads_peptides_molecule-protein_ksize-27_log2sketchsize-14_trackabundance-true.sig,/home/olga/ibm_lg/kmer-hashing/brawand2011/nfcore-rnaseq/macaque/single_end/STAR/SRR306784_GSM752638_mml_kd_F_1Aligned.sortedByCoord.out.bam,Kidney,Macaque,/home/olga/ibm_lg/kmer-hashing/brawand2011/nfcore-rnaseq/macaque/single_end/reference_genome/Macaca_mulatta.Mmul_8.0.1.97.gtf
SRR306785_GSM752639_mml_kd_M_1,/home/olga/ibm_lg/kmer-hashing/brawand2011/kmermaid_uniprot_opisthokonta/extract_coding/SRR306785_GSM752639_mml_kd_M_1__coding_reads_peptides.fasta,/home/olga/ibm_lg/kmer-hashing/brawand2011/kmermaid_existing_peptides_uniprot_opisthokonta/sketches_peptide/molecule-protein_ksize-27_log2sketchsize-14_trackabundance-true/SRR306785_GSM752639_mml_kd_M_1__coding_reads_peptides_molecule-protein_ksize-27_log2sketchsize-14_trackabundance-true.sig,/home/olga/ibm_lg/kmer-hashing/brawand2011/nfcore-rnaseq/macaque/single_end/STAR/SRR306785_GSM752639_mml_kd_M_1Aligned.sortedByCoord.out.bam,Kidney,Macaque,/home/olga/ibm_lg/kmer-hashing/brawand2011/nfcore-rnaseq/macaque/single_end/reference_genome/Macaca_mulatta.Mmul_8.0.1.97.gtf
SRR306786_GSM752640_mml_lv_F_1,/home/olga/ibm_lg/kmer-hashing/brawand2011/kmermaid_uniprot_opisthokonta/extract_coding/SRR306786_GSM752640_mml_lv_F_1__coding_reads_peptides.fasta,/home/olga/ibm_lg/kmer-hashing/brawand2011/kmermaid_existing_peptides_uniprot_opisthokonta/sketches_peptide/molecule-protein_ksize-27_log2sketchsize-14_trackabundance-true/SRR306786_GSM752640_mml_lv_F_1__coding_reads_peptides_molecule-protein_ksize-27_log2sketchsize-14_trackabundance-true.sig,/home/olga/ibm_lg/kmer-hashing/brawand2011/nfcore-rnaseq/macaque/single_end/STAR/SRR306786_GSM752640_mml_lv_F_1Aligned.sortedByCoord.out.bam,Liver,Macaque,/home/olga/ibm_lg/kmer-hashing/brawand2011/nfcore-rnaseq/macaque/single_end/reference_genome/Macaca_mulatta.Mmul_8.0.1.97.gtf
SRR306787_GSM752641_mml_lv_M_1,/home/olga/ibm_lg/kmer-hashing/brawand2011/kmermaid_uniprot_opisthokonta/extract_coding/SRR306787_GSM752641_mml_lv_M_1__coding_reads_peptides.fasta,/home/olga/ibm_lg/kmer-hashing/brawand2011/kmermaid_existing_peptides_uniprot_opisthokonta/sketches_peptide/molecule-protein_ksize-27_log2sketchsize-14_trackabundance-true/SRR306787_GSM752641_mml_lv_M_1__coding_reads_peptides_molecule-protein_ksize-27_log2sketchsize-14_trackabundance-true.sig,/home/olga/ibm_lg/kmer-hashing/brawand2011/nfcore-rnaseq/macaque/single_end/STAR/SRR306787_GSM752641_mml_lv_M_1Aligned.sortedByCoord.out.bam,Liver,Macaque,/home/olga/ibm_lg/kmer-hashing/brawand2011/nfcore-rnaseq/macaque/single_end/reference_genome/Macaca_mulatta.Mmul_8.0.1.97.gtf
SRR306788_GSM752641_mml_lv_M_1,/home/olga/ibm_lg/kmer-hashing/brawand2011/kmermaid_uniprot_opisthokonta/extract_coding/SRR306788_GSM752641_mml_lv_M_1__coding_reads_peptides.fasta,/home/olga/ibm_lg/kmer-hashing/brawand2011/kmermaid_existing_peptides_uniprot_opisthokonta/sketches_peptide/molecule-protein_ksize-27_log2sketchsize-14_trackabundance-true/SRR306788_GSM752641_mml_lv_M_1__coding_reads_peptides_molecule-protein_ksize-27_log2sketchsize-14_trackabundance-true.sig,/home/olga/ibm_lg/kmer-hashing/brawand2011/nfcore-rnaseq/macaque/single_end/STAR/SRR306788_GSM752641_mml_lv_M_1Aligned.sortedByCoord.out.bam,Liver,Macaque,/home/olga/ibm_lg/kmer-hashing/brawand2011/nfcore-rnaseq/macaque/single_end/reference_genome/Macaca_mulatta.Mmul_8.0.1.97.gtf
SRR306789_GSM752642_mml_ts_M_1,/home/olga/ibm_lg/kmer-hashing/brawand2011/kmermaid_uniprot_opisthokonta/extract_coding/SRR306789_GSM752642_mml_ts_M_1__coding_reads_peptides.fasta,/home/olga/ibm_lg/kmer-hashing/brawand2011/kmermaid_existing_peptides_uniprot_opisthokonta/sketches_peptide/molecule-protein_ksize-27_log2sketchsize-14_trackabundance-true/SRR306789_GSM752642_mml_ts_M_1__coding_reads_peptides_molecule-protein_ksize-27_log2sketchsize-14_trackabundance-true.sig,/home/olga/ibm_lg/kmer-hashing/brawand2011/nfcore-rnaseq/macaque/single_end/STAR/SRR306789_GSM752642_mml_ts_M_1Aligned.sortedByCoord.out.bam,Testis,Macaque,/home/olga/ibm_lg/kmer-hashing/brawand2011/nfcore-rnaseq/macaque/single_end/reference_genome/Macaca_mulatta.Mmul_8.0.1.97.gtf
SRR306790_GSM752643_mml_ts_M_2,/home/olga/ibm_lg/kmer-hashing/brawand2011/kmermaid_uniprot_opisthokonta/extract_coding/SRR306790_GSM752643_mml_ts_M_2__coding_reads_peptides.fasta,/home/olga/ibm_lg/kmer-hashing/brawand2011/kmermaid_existing_peptides_uniprot_opisthokonta/sketches_peptide/molecule-protein_ksize-27_log2sketchsize-14_trackabundance-true/SRR306790_GSM752643_mml_ts_M_2__coding_reads_peptides_molecule-protein_ksize-27_log2sketchsize-14_trackabundance-true.sig,/home/olga/ibm_lg/kmer-hashing/brawand2011/nfcore-rnaseq/macaque/single_end/STAR/SRR306790_GSM752643_mml_ts_M_2Aligned.sortedByCoord.out.bam,Testis,Macaque,/home/olga/ibm_lg/kmer-hashing/brawand2011/nfcore-rnaseq/macaque/single_end/reference_genome/Macaca_mulatta.Mmul_8.0.1.97.gtf
SRR306791_GSM752644_ppy_br_F_1,/home/olga/ibm_lg/kmer-hashing/brawand2011/kmermaid_uniprot_opisthokonta/extract_coding/SRR306791_GSM752644_ppy_br_F_1__coding_reads_peptides.fasta,/home/olga/ibm_lg/kmer-hashing/brawand2011/kmermaid_existing_peptides_uniprot_opisthokonta/sketches_peptide/molecule-protein_ksize-27_log2sketchsize-14_trackabundance-true/SRR306791_GSM752644_ppy_br_F_1__coding_reads_peptides_molecule-protein_ksize-27_log2sketchsize-14_trackabundance-true.sig,/home/olga/ibm_lg/kmer-hashing/brawand2011/nfcore-rnaseq/orangutan/single_end/STAR/SRR306791_GSM752644_ppy_br_F_1Aligned.sortedByCoord.out.bam,Brain,Orangutan,/home/olga/ibm_lg/kmer-hashing/brawand2011/nfcore-rnaseq/orangutan/paired_end/reference_genome/Pongo_abelii.PPYG2.97.gtf
SRR306793_GSM752646_ppy_cb_F_1,/home/olga/ibm_lg/kmer-hashing/brawand2011/kmermaid_uniprot_opisthokonta/extract_coding/SRR306793_GSM752646_ppy_cb_F_1__coding_reads_peptides.fasta,/home/olga/ibm_lg/kmer-hashing/brawand2011/kmermaid_existing_peptides_uniprot_opisthokonta/sketches_peptide/molecule-protein_ksize-27_log2sketchsize-14_trackabundance-true/SRR306793_GSM752646_ppy_cb_F_1__coding_reads_peptides_molecule-protein_ksize-27_log2sketchsize-14_trackabundance-true.sig,/home/olga/ibm_lg/kmer-hashing/brawand2011/nfcore-rnaseq/orangutan/single_end/STAR/SRR306793_GSM752646_ppy_cb_F_1Aligned.sortedByCoord.out.bam,Cerebellum,Orangutan,/home/olga/ibm_lg/kmer-hashing/brawand2011/nfcore-rnaseq/orangutan/paired_end/reference_genome/Pongo_abelii.PPYG2.97.gtf
SRR306794_GSM752647_ppy_ht_F_1,/home/olga/ibm_lg/kmer-hashing/brawand2011/kmermaid_uniprot_opisthokonta/extract_coding/SRR306794_GSM752647_ppy_ht_F_1__coding_reads_peptides.fasta,/home/olga/ibm_lg/kmer-hashing/brawand2011/kmermaid_existing_peptides_uniprot_opisthokonta/sketches_peptide/molecule-protein_ksize-27_log2sketchsize-14_trackabundance-true/SRR306794_GSM752647_ppy_ht_F_1__coding_reads_peptides_molecule-protein_ksize-27_log2sketchsize-14_trackabundance-true.sig,/home/olga/ibm_lg/kmer-hashing/brawand2011/nfcore-rnaseq/orangutan/single_end/STAR/SRR306794_GSM752647_ppy_ht_F_1Aligned.sortedByCoord.out.bam,Heart,Orangutan,/home/olga/ibm_lg/kmer-hashing/brawand2011/nfcore-rnaseq/orangutan/paired_end/reference_genome/Pongo_abelii.PPYG2.97.gtf
SRR306795_GSM752648_ppy_ht_M_1,/home/olga/ibm_lg/kmer-hashing/brawand2011/kmermaid_uniprot_opisthokonta/extract_coding/SRR306795_GSM752648_ppy_ht_M_1__coding_reads_peptides.fasta,/home/olga/ibm_lg/kmer-hashing/brawand2011/kmermaid_existing_peptides_uniprot_opisthokonta/sketches_peptide/molecule-protein_ksize-27_log2sketchsize-14_trackabundance-true/SRR306795_GSM752648_ppy_ht_M_1__coding_reads_peptides_molecule-protein_ksize-27_log2sketchsize-14_trackabundance-true.sig,/home/olga/ibm_lg/kmer-hashing/brawand2011/nfcore-rnaseq/orangutan/single_end/STAR/SRR306795_GSM752648_ppy_ht_M_1Aligned.sortedByCoord.out.bam,Heart,Orangutan,/home/olga/ibm_lg/kmer-hashing/brawand2011/nfcore-rnaseq/orangutan/paired_end/reference_genome/Pongo_abelii.PPYG2.97.gtf
SRR306796_GSM752649_ppy_kd_F_1,/home/olga/ibm_lg/kmer-hashing/brawand2011/kmermaid_uniprot_opisthokonta/extract_coding/SRR306796_GSM752649_ppy_kd_F_1__coding_reads_peptides.fasta,/home/olga/ibm_lg/kmer-hashing/brawand2011/kmermaid_existing_peptides_uniprot_opisthokonta/sketches_peptide/molecule-protein_ksize-27_log2sketchsize-14_trackabundance-true/SRR306796_GSM752649_ppy_kd_F_1__coding_reads_peptides_molecule-protein_ksize-27_log2sketchsize-14_trackabundance-true.sig,/home/olga/ibm_lg/kmer-hashing/brawand2011/nfcore-rnaseq/orangutan/single_end/STAR/SRR306796_GSM752649_ppy_kd_F_1Aligned.sortedByCoord.out.bam,Kidney,Orangutan,/home/olga/ibm_lg/kmer-hashing/brawand2011/nfcore-rnaseq/orangutan/paired_end/reference_genome/Pongo_abelii.PPYG2.97.gtf
SRR306797_GSM752650_ppy_kd_M_1,/home/olga/ibm_lg/kmer-hashing/brawand2011/kmermaid_uniprot_opisthokonta/extract_coding/SRR306797_GSM752650_ppy_kd_M_1__coding_reads_peptides.fasta,/home/olga/ibm_lg/kmer-hashing/brawand2011/kmermaid_existing_peptides_uniprot_opisthokonta/sketches_peptide/molecule-protein_ksize-27_log2sketchsize-14_trackabundance-true/SRR306797_GSM752650_ppy_kd_M_1__coding_reads_peptides_molecule-protein_ksize-27_log2sketchsize-14_trackabundance-true.sig,/home/olga/ibm_lg/kmer-hashing/brawand2011/nfcore-rnaseq/orangutan/single_end/STAR/SRR306797_GSM752650_ppy_kd_M_1Aligned.sortedByCoord.out.bam,Kidney,Orangutan,/home/olga/ibm_lg/kmer-hashing/brawand2011/nfcore-rnaseq/orangutan/paired_end/reference_genome/Pongo_abelii.PPYG2.97.gtf
SRR306798_GSM752651_ppy_lv_F_1,/home/olga/ibm_lg/kmer-hashing/brawand2011/kmermaid_uniprot_opisthokonta/extract_coding/SRR306798_GSM752651_ppy_lv_F_1__coding_reads_peptides.fasta,/home/olga/ibm_lg/kmer-hashing/brawand2011/kmermaid_existing_peptides_uniprot_opisthokonta/sketches_peptide/molecule-protein_ksize-27_log2sketchsize-14_trackabundance-true/SRR306798_GSM752651_ppy_lv_F_1__coding_reads_peptides_molecule-protein_ksize-27_log2sketchsize-14_trackabundance-true.sig,/home/olga/ibm_lg/kmer-hashing/brawand2011/nfcore-rnaseq/orangutan/single_end/STAR/SRR306798_GSM752651_ppy_lv_F_1Aligned.sortedByCoord.out.bam,Liver,Orangutan,/home/olga/ibm_lg/kmer-hashing/brawand2011/nfcore-rnaseq/orangutan/paired_end/reference_genome/Pongo_abelii.PPYG2.97.gtf
SRR306799_GSM752652_ppy_lv_M_1,/home/olga/ibm_lg/kmer-hashing/brawand2011/kmermaid_uniprot_opisthokonta/extract_coding/SRR306799_GSM752652_ppy_lv_M_1__coding_reads_peptides.fasta,/home/olga/ibm_lg/kmer-hashing/brawand2011/kmermaid_existing_peptides_uniprot_opisthokonta/sketches_peptide/molecule-protein_ksize-27_log2sketchsize-14_trackabundance-true/SRR306799_GSM752652_ppy_lv_M_1__coding_reads_peptides_molecule-protein_ksize-27_log2sketchsize-14_trackabundance-true.sig,/home/olga/ibm_lg/kmer-hashing/brawand2011/nfcore-rnaseq/orangutan/single_end/STAR/SRR306799_GSM752652_ppy_lv_M_1Aligned.sortedByCoord.out.bam,Liver,Orangutan,/home/olga/ibm_lg/kmer-hashing/brawand2011/nfcore-rnaseq/orangutan/paired_end/reference_genome/Pongo_abelii.PPYG2.97.gtf
SRR306800_GSM752653_ggo_br_F_1,/home/olga/ibm_lg/kmer-hashing/brawand2011/kmermaid_uniprot_opisthokonta/extract_coding/SRR306800_GSM752653_ggo_br_F_1__coding_reads_peptides.fasta,/home/olga/ibm_lg/kmer-hashing/brawand2011/kmermaid_existing_peptides_uniprot_opisthokonta/sketches_peptide/molecule-protein_ksize-27_log2sketchsize-14_trackabundance-true/SRR306800_GSM752653_ggo_br_F_1__coding_reads_peptides_molecule-protein_ksize-27_log2sketchsize-14_trackabundance-true.sig,/home/olga/ibm_lg/kmer-hashing/brawand2011/nfcore-rnaseq/gorilla/single_end/STAR/SRR306800_GSM752653_ggo_br_F_1Aligned.sortedByCoord.out.bam,Brain,Gorilla,/home/olga/ibm_lg/kmer-hashing/brawand2011/nfcore-rnaseq/gorilla/single_end/reference_genome/Gorilla_gorilla.gorGor4.97.gtf
SRR306802_GSM752655_ggo_cb_F_1,/home/olga/ibm_lg/kmer-hashing/brawand2011/kmermaid_uniprot_opisthokonta/extract_coding/SRR306802_GSM752655_ggo_cb_F_1__coding_reads_peptides.fasta,/home/olga/ibm_lg/kmer-hashing/brawand2011/kmermaid_existing_peptides_uniprot_opisthokonta/sketches_peptide/molecule-protein_ksize-27_log2sketchsize-14_trackabundance-true/SRR306802_GSM752655_ggo_cb_F_1__coding_reads_peptides_molecule-protein_ksize-27_log2sketchsize-14_trackabundance-true.sig,/home/olga/ibm_lg/kmer-hashing/brawand2011/nfcore-rnaseq/gorilla/single_end/STAR/SRR306802_GSM752655_ggo_cb_F_1Aligned.sortedByCoord.out.bam,Cerebellum,Gorilla,/home/olga/ibm_lg/kmer-hashing/brawand2011/nfcore-rnaseq/gorilla/single_end/reference_genome/Gorilla_gorilla.gorGor4.97.gtf
SRR306803_GSM752656_ggo_cb_M_1,/home/olga/ibm_lg/kmer-hashing/brawand2011/kmermaid_uniprot_opisthokonta/extract_coding/SRR306803_GSM752656_ggo_cb_M_1__coding_reads_peptides.fasta,/home/olga/ibm_lg/kmer-hashing/brawand2011/kmermaid_existing_peptides_uniprot_opisthokonta/sketches_peptide/molecule-protein_ksize-27_log2sketchsize-14_trackabundance-true/SRR306803_GSM752656_ggo_cb_M_1__coding_reads_peptides_molecule-protein_ksize-27_log2sketchsize-14_trackabundance-true.sig,/home/olga/ibm_lg/kmer-hashing/brawand2011/nfcore-rnaseq/gorilla/single_end/STAR/SRR306803_GSM752656_ggo_cb_M_1Aligned.sortedByCoord.out.bam,Cerebellum,Gorilla,/home/olga/ibm_lg/kmer-hashing/brawand2011/nfcore-rnaseq/gorilla/single_end/reference_genome/Gorilla_gorilla.gorGor4.97.gtf
SRR306804_GSM752657_ggo_ht_F_1,/home/olga/ibm_lg/kmer-hashing/brawand2011/kmermaid_uniprot_opisthokonta/extract_coding/SRR306804_GSM752657_ggo_ht_F_1__coding_reads_peptides.fasta,/home/olga/ibm_lg/kmer-hashing/brawand2011/kmermaid_existing_peptides_uniprot_opisthokonta/sketches_peptide/molecule-protein_ksize-27_log2sketchsize-14_trackabundance-true/SRR306804_GSM752657_ggo_ht_F_1__coding_reads_peptides_molecule-protein_ksize-27_log2sketchsize-14_trackabundance-true.sig,/home/olga/ibm_lg/kmer-hashing/brawand2011/nfcore-rnaseq/gorilla/single_end/STAR/SRR306804_GSM752657_ggo_ht_F_1Aligned.sortedByCoord.out.bam,Heart,Gorilla,/home/olga/ibm_lg/kmer-hashing/brawand2011/nfcore-rnaseq/gorilla/single_end/reference_genome/Gorilla_gorilla.gorGor4.97.gtf
SRR306805_GSM752658_ggo_ht_M_1,/home/olga/ibm_lg/kmer-hashing/brawand2011/kmermaid_uniprot_opisthokonta/extract_coding/SRR306805_GSM752658_ggo_ht_M_1__coding_reads_peptides.fasta,/home/olga/ibm_lg/kmer-hashing/brawand2011/kmermaid_existing_peptides_uniprot_opisthokonta/sketches_peptide/molecule-protein_ksize-27_log2sketchsize-14_trackabundance-true/SRR306805_GSM752658_ggo_ht_M_1__coding_reads_peptides_molecule-protein_ksize-27_log2sketchsize-14_trackabundance-true.sig,/home/olga/ibm_lg/kmer-hashing/brawand2011/nfcore-rnaseq/gorilla/single_end/STAR/SRR306805_GSM752658_ggo_ht_M_1Aligned.sortedByCoord.out.bam,Heart,Gorilla,/home/olga/ibm_lg/kmer-hashing/brawand2011/nfcore-rnaseq/gorilla/single_end/reference_genome/Gorilla_gorilla.gorGor4.97.gtf
SRR306806_GSM752659_ggo_kd_F_1,/home/olga/ibm_lg/kmer-hashing/brawand2011/kmermaid_uniprot_opisthokonta/extract_coding/SRR306806_GSM752659_ggo_kd_F_1__coding_reads_peptides.fasta,/home/olga/ibm_lg/kmer-hashing/brawand2011/kmermaid_existing_peptides_uniprot_opisthokonta/sketches_peptide/molecule-protein_ksize-27_log2sketchsize-14_trackabundance-true/SRR306806_GSM752659_ggo_kd_F_1__coding_reads_peptides_molecule-protein_ksize-27_log2sketchsize-14_trackabundance-true.sig,/home/olga/ibm_lg/kmer-hashing/brawand2011/nfcore-rnaseq/gorilla/single_end/STAR/SRR306806_GSM752659_ggo_kd_F_1Aligned.sortedByCoord.out.bam,Kidney,Gorilla,/home/olga/ibm_lg/kmer-hashing/brawand2011/nfcore-rnaseq/gorilla/single_end/reference_genome/Gorilla_gorilla.gorGor4.97.gtf
SRR306807_GSM752660_ggo_kd_M_1,/home/olga/ibm_lg/kmer-hashing/brawand2011/kmermaid_uniprot_opisthokonta/extract_coding/SRR306807_GSM752660_ggo_kd_M_1__coding_reads_peptides.fasta,/home/olga/ibm_lg/kmer-hashing/brawand2011/kmermaid_existing_peptides_uniprot_opisthokonta/sketches_peptide/molecule-protein_ksize-27_log2sketchsize-14_trackabundance-true/SRR306807_GSM752660_ggo_kd_M_1__coding_reads_peptides_molecule-protein_ksize-27_log2sketchsize-14_trackabundance-true.sig,/home/olga/ibm_lg/kmer-hashing/brawand2011/nfcore-rnaseq/gorilla/single_end/STAR/SRR306807_GSM752660_ggo_kd_M_1Aligned.sortedByCoord.out.bam,Kidney,Gorilla,/home/olga/ibm_lg/kmer-hashing/brawand2011/nfcore-rnaseq/gorilla/single_end/reference_genome/Gorilla_gorilla.gorGor4.97.gtf
SRR306808_GSM752661_ggo_lv_F_1,/home/olga/ibm_lg/kmer-hashing/brawand2011/kmermaid_uniprot_opisthokonta/extract_coding/SRR306808_GSM752661_ggo_lv_F_1__coding_reads_peptides.fasta,/home/olga/ibm_lg/kmer-hashing/brawand2011/kmermaid_existing_peptides_uniprot_opisthokonta/sketches_peptide/molecule-protein_ksize-27_log2sketchsize-14_trackabundance-true/SRR306808_GSM752661_ggo_lv_F_1__coding_reads_peptides_molecule-protein_ksize-27_log2sketchsize-14_trackabundance-true.sig,/home/olga/ibm_lg/kmer-hashing/brawand2011/nfcore-rnaseq/gorilla/single_end/STAR/SRR306808_GSM752661_ggo_lv_F_1Aligned.sortedByCoord.out.bam,Liver,Gorilla,/home/olga/ibm_lg/kmer-hashing/brawand2011/nfcore-rnaseq/gorilla/single_end/reference_genome/Gorilla_gorilla.gorGor4.97.gtf
SRR306809_GSM752662_ggo_lv_M_1,/home/olga/ibm_lg/kmer-hashing/brawand2011/kmermaid_uniprot_opisthokonta/extract_coding/SRR306809_GSM752662_ggo_lv_M_1__coding_reads_peptides.fasta,/home/olga/ibm_lg/kmer-hashing/brawand2011/kmermaid_existing_peptides_uniprot_opisthokonta/sketches_peptide/molecule-protein_ksize-27_log2sketchsize-14_trackabundance-true/SRR306809_GSM752662_ggo_lv_M_1__coding_reads_peptides_molecule-protein_ksize-27_log2sketchsize-14_trackabundance-true.sig,/home/olga/ibm_lg/kmer-hashing/brawand2011/nfcore-rnaseq/gorilla/single_end/STAR/SRR306809_GSM752662_ggo_lv_M_1Aligned.sortedByCoord.out.bam,Liver,Gorilla,/home/olga/ibm_lg/kmer-hashing/brawand2011/nfcore-rnaseq/gorilla/single_end/reference_genome/Gorilla_gorilla.gorGor4.97.gtf
SRR306810_GSM752663_ggo_ts_M_1,/home/olga/ibm_lg/kmer-hashing/brawand2011/kmermaid_uniprot_opisthokonta/extract_coding/SRR306810_GSM752663_ggo_ts_M_1__coding_reads_peptides.fasta,/home/olga/ibm_lg/kmer-hashing/brawand2011/kmermaid_existing_peptides_uniprot_opisthokonta/sketches_peptide/molecule-protein_ksize-27_log2sketchsize-14_trackabundance-true/SRR306810_GSM752663_ggo_ts_M_1__coding_reads_peptides_molecule-protein_ksize-27_log2sketchsize-14_trackabundance-true.sig,/home/olga/ibm_lg/kmer-hashing/brawand2011/nfcore-rnaseq/gorilla/single_end/STAR/SRR306810_GSM752663_ggo_ts_M_1Aligned.sortedByCoord.out.bam,Testis,Gorilla,/home/olga/ibm_lg/kmer-hashing/brawand2011/nfcore-rnaseq/gorilla/single_end/reference_genome/Gorilla_gorilla.gorGor4.97.gtf
SRR306827_GSM752680_ppa_br_F_2,/home/olga/ibm_lg/kmer-hashing/brawand2011/kmermaid_uniprot_opisthokonta/extract_coding/SRR306827_GSM752680_ppa_br_F_2__coding_reads_peptides.fasta,/home/olga/ibm_lg/kmer-hashing/brawand2011/kmermaid_existing_peptides_uniprot_opisthokonta/sketches_peptide/molecule-protein_ksize-27_log2sketchsize-14_trackabundance-true/SRR306827_GSM752680_ppa_br_F_2__coding_reads_peptides_molecule-protein_ksize-27_log2sketchsize-14_trackabundance-true.sig,/home/olga/ibm_lg/kmer-hashing/brawand2011/nfcore-rnaseq/bonobo/single_end/STAR/SRR306827_GSM752680_ppa_br_F_2Aligned.sortedByCoord.out.bam,Brain,Bonobo,/home/olga/ibm_lg/kmer-hashing/brawand2011/nfcore-rnaseq/bonobo/single_end/reference_genome/Pan_paniscus.panpan1.1.97.gtf
SRR306828_GSM752681_ppa_br_M_1,/home/olga/ibm_lg/kmer-hashing/brawand2011/kmermaid_uniprot_opisthokonta/extract_coding/SRR306828_GSM752681_ppa_br_M_1__coding_reads_peptides.fasta,/home/olga/ibm_lg/kmer-hashing/brawand2011/kmermaid_existing_peptides_uniprot_opisthokonta/sketches_peptide/molecule-protein_ksize-27_log2sketchsize-14_trackabundance-true/SRR306828_GSM752681_ppa_br_M_1__coding_reads_peptides_molecule-protein_ksize-27_log2sketchsize-14_trackabundance-true.sig,/home/olga/ibm_lg/kmer-hashing/brawand2011/nfcore-rnaseq/bonobo/single_end/STAR/SRR306828_GSM752681_ppa_br_M_1Aligned.sortedByCoord.out.bam,Brain,Bonobo,/home/olga/ibm_lg/kmer-hashing/brawand2011/nfcore-rnaseq/bonobo/single_end/reference_genome/Pan_paniscus.panpan1.1.97.gtf
SRR306829_GSM752682_ppa_cb_F_1,/home/olga/ibm_lg/kmer-hashing/brawand2011/kmermaid_uniprot_opisthokonta/extract_coding/SRR306829_GSM752682_ppa_cb_F_1__coding_reads_peptides.fasta,/home/olga/ibm_lg/kmer-hashing/brawand2011/kmermaid_existing_peptides_uniprot_opisthokonta/sketches_peptide/molecule-protein_ksize-27_log2sketchsize-14_trackabundance-true/SRR306829_GSM752682_ppa_cb_F_1__coding_reads_peptides_molecule-protein_ksize-27_log2sketchsize-14_trackabundance-true.sig,/home/olga/ibm_lg/kmer-hashing/brawand2011/nfcore-rnaseq/bonobo/single_end/STAR/SRR306829_GSM752682_ppa_cb_F_1Aligned.sortedByCoord.out.bam,Cerebellum,Bonobo,/home/olga/ibm_lg/kmer-hashing/brawand2011/nfcore-rnaseq/bonobo/single_end/reference_genome/Pan_paniscus.panpan1.1.97.gtf
SRR306830_GSM752683_ppa_cb_M_1,/home/olga/ibm_lg/kmer-hashing/brawand2011/kmermaid_uniprot_opisthokonta/extract_coding/SRR306830_GSM752683_ppa_cb_M_1__coding_reads_peptides.fasta,/home/olga/ibm_lg/kmer-hashing/brawand2011/kmermaid_existing_peptides_uniprot_opisthokonta/sketches_peptide/molecule-protein_ksize-27_log2sketchsize-14_trackabundance-true/SRR306830_GSM752683_ppa_cb_M_1__coding_reads_peptides_molecule-protein_ksize-27_log2sketchsize-14_trackabundance-true.sig,/home/olga/ibm_lg/kmer-hashing/brawand2011/nfcore-rnaseq/bonobo/single_end/STAR/SRR306830_GSM752683_ppa_cb_M_1Aligned.sortedByCoord.out.bam,Cerebellum,Bonobo,/home/olga/ibm_lg/kmer-hashing/brawand2011/nfcore-rnaseq/bonobo/single_end/reference_genome/Pan_paniscus.panpan1.1.97.gtf
SRR306831_GSM752684_ppa_ht_F_1,/home/olga/ibm_lg/kmer-hashing/brawand2011/kmermaid_uniprot_opisthokonta/extract_coding/SRR306831_GSM752684_ppa_ht_F_1__coding_reads_peptides.fasta,/home/olga/ibm_lg/kmer-hashing/brawand2011/kmermaid_existing_peptides_uniprot_opisthokonta/sketches_peptide/molecule-protein_ksize-27_log2sketchsize-14_trackabundance-true/SRR306831_GSM752684_ppa_ht_F_1__coding_reads_peptides_molecule-protein_ksize-27_log2sketchsize-14_trackabundance-true.sig,/home/olga/ibm_lg/kmer-hashing/brawand2011/nfcore-rnaseq/bonobo/single_end/STAR/SRR306831_GSM752684_ppa_ht_F_1Aligned.sortedByCoord.out.bam,Heart,Bonobo,/home/olga/ibm_lg/kmer-hashing/brawand2011/nfcore-rnaseq/bonobo/single_end/reference_genome/Pan_paniscus.panpan1.1.97.gtf
SRR306832_GSM752685_ppa_ht_M_1,/home/olga/ibm_lg/kmer-hashing/brawand2011/kmermaid_uniprot_opisthokonta/extract_coding/SRR306832_GSM752685_ppa_ht_M_1__coding_reads_peptides.fasta,/home/olga/ibm_lg/kmer-hashing/brawand2011/kmermaid_existing_peptides_uniprot_opisthokonta/sketches_peptide/molecule-protein_ksize-27_log2sketchsize-14_trackabundance-true/SRR306832_GSM752685_ppa_ht_M_1__coding_reads_peptides_molecule-protein_ksize-27_log2sketchsize-14_trackabundance-true.sig,/home/olga/ibm_lg/kmer-hashing/brawand2011/nfcore-rnaseq/bonobo/single_end/STAR/SRR306832_GSM752685_ppa_ht_M_1Aligned.sortedByCoord.out.bam,Heart,Bonobo,/home/olga/ibm_lg/kmer-hashing/brawand2011/nfcore-rnaseq/bonobo/single_end/reference_genome/Pan_paniscus.panpan1.1.97.gtf
SRR306833_GSM752686_ppa_kd_F_1,/home/olga/ibm_lg/kmer-hashing/brawand2011/kmermaid_uniprot_opisthokonta/extract_coding/SRR306833_GSM752686_ppa_kd_F_1__coding_reads_peptides.fasta,/home/olga/ibm_lg/kmer-hashing/brawand2011/kmermaid_existing_peptides_uniprot_opisthokonta/sketches_peptide/molecule-protein_ksize-27_log2sketchsize-14_trackabundance-true/SRR306833_GSM752686_ppa_kd_F_1__coding_reads_peptides_molecule-protein_ksize-27_log2sketchsize-14_trackabundance-true.sig,/home/olga/ibm_lg/kmer-hashing/brawand2011/nfcore-rnaseq/bonobo/single_end/STAR/SRR306833_GSM752686_ppa_kd_F_1Aligned.sortedByCoord.out.bam,Kidney,Bonobo,/home/olga/ibm_lg/kmer-hashing/brawand2011/nfcore-rnaseq/bonobo/single_end/reference_genome/Pan_paniscus.panpan1.1.97.gtf
SRR306834_GSM752687_ppa_kd_M_1,/home/olga/ibm_lg/kmer-hashing/brawand2011/kmermaid_uniprot_opisthokonta/extract_coding/SRR306834_GSM752687_ppa_kd_M_1__coding_reads_peptides.fasta,/home/olga/ibm_lg/kmer-hashing/brawand2011/kmermaid_existing_peptides_uniprot_opisthokonta/sketches_peptide/molecule-protein_ksize-27_log2sketchsize-14_trackabundance-true/SRR306834_GSM752687_ppa_kd_M_1__coding_reads_peptides_molecule-protein_ksize-27_log2sketchsize-14_trackabundance-true.sig,/home/olga/ibm_lg/kmer-hashing/brawand2011/nfcore-rnaseq/bonobo/single_end/STAR/SRR306834_GSM752687_ppa_kd_M_1Aligned.sortedByCoord.out.bam,Kidney,Bonobo,/home/olga/ibm_lg/kmer-hashing/brawand2011/nfcore-rnaseq/bonobo/single_end/reference_genome/Pan_paniscus.panpan1.1.97.gtf
SRR306835_GSM752688_ppa_lv_F_1,/home/olga/ibm_lg/kmer-hashing/brawand2011/kmermaid_uniprot_opisthokonta/extract_coding/SRR306835_GSM752688_ppa_lv_F_1__coding_reads_peptides.fasta,/home/olga/ibm_lg/kmer-hashing/brawand2011/kmermaid_existing_peptides_uniprot_opisthokonta/sketches_peptide/molecule-protein_ksize-27_log2sketchsize-14_trackabundance-true/SRR306835_GSM752688_ppa_lv_F_1__coding_reads_peptides_molecule-protein_ksize-27_log2sketchsize-14_trackabundance-true.sig,/home/olga/ibm_lg/kmer-hashing/brawand2011/nfcore-rnaseq/bonobo/single_end/STAR/SRR306835_GSM752688_ppa_lv_F_1Aligned.sortedByCoord.out.bam,Liver,Bonobo,/home/olga/ibm_lg/kmer-hashing/brawand2011/nfcore-rnaseq/bonobo/single_end/reference_genome/Pan_paniscus.panpan1.1.97.gtf
SRR306836_GSM752689_ppa_lv_M_1,/home/olga/ibm_lg/kmer-hashing/brawand2011/kmermaid_uniprot_opisthokonta/extract_coding/SRR306836_GSM752689_ppa_lv_M_1__coding_reads_peptides.fasta,/home/olga/ibm_lg/kmer-hashing/brawand2011/kmermaid_existing_peptides_uniprot_opisthokonta/sketches_peptide/molecule-protein_ksize-27_log2sketchsize-14_trackabundance-true/SRR306836_GSM752689_ppa_lv_M_1__coding_reads_peptides_molecule-protein_ksize-27_log2sketchsize-14_trackabundance-true.sig,/home/olga/ibm_lg/kmer-hashing/brawand2011/nfcore-rnaseq/bonobo/single_end/STAR/SRR306836_GSM752689_ppa_lv_M_1Aligned.sortedByCoord.out.bam,Liver,Bonobo,/home/olga/ibm_lg/kmer-hashing/brawand2011/nfcore-rnaseq/bonobo/single_end/reference_genome/Pan_paniscus.panpan1.1.97.gtf
SRR306837_GSM752690_ppa_ts_M_1,/home/olga/ibm_lg/kmer-hashing/brawand2011/kmermaid_uniprot_opisthokonta/extract_coding/SRR306837_GSM752690_ppa_ts_M_1__coding_reads_peptides.fasta,/home/olga/ibm_lg/kmer-hashing/brawand2011/kmermaid_existing_peptides_uniprot_opisthokonta/sketches_peptide/molecule-protein_ksize-27_log2sketchsize-14_trackabundance-true/SRR306837_GSM752690_ppa_ts_M_1__coding_reads_peptides_molecule-protein_ksize-27_log2sketchsize-14_trackabundance-true.sig,/home/olga/ibm_lg/kmer-hashing/brawand2011/nfcore-rnaseq/bonobo/single_end/STAR/SRR306837_GSM752690_ppa_ts_M_1Aligned.sortedByCoord.out.bam,Testis,Bonobo,/home/olga/ibm_lg/kmer-hashing/brawand2011/nfcore-rnaseq/bonobo/single_end/reference_genome/Pan_paniscus.panpan1.1.97.gtf
SRR306838_GSM752691_hsa_br_F_1,/home/olga/ibm_lg/kmer-hashing/brawand2011/kmermaid_uniprot_opisthokonta/extract_coding/SRR306838_GSM752691_hsa_br_F_1__coding_reads_peptides.fasta,/home/olga/ibm_lg/kmer-hashing/brawand2011/kmermaid_existing_peptides_uniprot_opisthokonta/sketches_peptide/molecule-protein_ksize-27_log2sketchsize-14_trackabundance-true/SRR306838_GSM752691_hsa_br_F_1__coding_reads_peptides_molecule-protein_ksize-27_log2sketchsize-14_trackabundance-true.sig,/home/olga/ibm_lg/kmer-hashing/brawand2011/nfcore-rnaseq/human/single_end/STAR/SRR306838_GSM752691_hsa_br_F_1Aligned.sortedByCoord.out.bam,Brain,Human,/home/olga/ibm_lg/czbiohub-reference/gencode/human/v30/gencode.v30.annotation.gtf
SRR306839_GSM752692_hsa_br_M_3,/home/olga/ibm_lg/kmer-hashing/brawand2011/kmermaid_uniprot_opisthokonta/extract_coding/SRR306839_GSM752692_hsa_br_M_3__coding_reads_peptides.fasta,/home/olga/ibm_lg/kmer-hashing/brawand2011/kmermaid_existing_peptides_uniprot_opisthokonta/sketches_peptide/molecule-protein_ksize-27_log2sketchsize-14_trackabundance-true/SRR306839_GSM752692_hsa_br_M_3__coding_reads_peptides_molecule-protein_ksize-27_log2sketchsize-14_trackabundance-true.sig,/home/olga/ibm_lg/kmer-hashing/brawand2011/nfcore-rnaseq/human/single_end/STAR/SRR306839_GSM752692_hsa_br_M_3Aligned.sortedByCoord.out.bam,Brain,Human,/home/olga/ibm_lg/czbiohub-reference/gencode/human/v30/gencode.v30.annotation.gtf
SRR306841_GSM752694_hsa_br_M_2,/home/olga/ibm_lg/kmer-hashing/brawand2011/kmermaid_uniprot_opisthokonta/extract_coding/SRR306841_GSM752694_hsa_br_M_2__coding_reads_peptides.fasta,/home/olga/ibm_lg/kmer-hashing/brawand2011/kmermaid_existing_peptides_uniprot_opisthokonta/sketches_peptide/molecule-protein_ksize-27_log2sketchsize-14_trackabundance-true/SRR306841_GSM752694_hsa_br_M_2__coding_reads_peptides_molecule-protein_ksize-27_log2sketchsize-14_trackabundance-true.sig,/home/olga/ibm_lg/kmer-hashing/brawand2011/nfcore-rnaseq/human/single_end/STAR/SRR306841_GSM752694_hsa_br_M_2Aligned.sortedByCoord.out.bam,Brain,Human,/home/olga/ibm_lg/czbiohub-reference/gencode/human/v30/gencode.v30.annotation.gtf
SRR306843_GSM752696_hsa_br_M_5,/home/olga/ibm_lg/kmer-hashing/brawand2011/kmermaid_uniprot_opisthokonta/extract_coding/SRR306843_GSM752696_hsa_br_M_5__coding_reads_peptides.fasta,/home/olga/ibm_lg/kmer-hashing/brawand2011/kmermaid_existing_peptides_uniprot_opisthokonta/sketches_peptide/molecule-protein_ksize-27_log2sketchsize-14_trackabundance-true/SRR306843_GSM752696_hsa_br_M_5__coding_reads_peptides_molecule-protein_ksize-27_log2sketchsize-14_trackabundance-true.sig,/home/olga/ibm_lg/kmer-hashing/brawand2011/nfcore-rnaseq/human/single_end/STAR/SRR306843_GSM752696_hsa_br_M_5Aligned.sortedByCoord.out.bam,Brain,Human,/home/olga/ibm_lg/czbiohub-reference/gencode/human/v30/gencode.v30.annotation.gtf
SRR306844_GSM752697_hsa_cb_F_1,/home/olga/ibm_lg/kmer-hashing/brawand2011/kmermaid_uniprot_opisthokonta/extract_coding/SRR306844_GSM752697_hsa_cb_F_1__coding_reads_peptides.fasta,/home/olga/ibm_lg/kmer-hashing/brawand2011/kmermaid_existing_peptides_uniprot_opisthokonta/sketches_peptide/molecule-protein_ksize-27_log2sketchsize-14_trackabundance-true/SRR306844_GSM752697_hsa_cb_F_1__coding_reads_peptides_molecule-protein_ksize-27_log2sketchsize-14_trackabundance-true.sig,/home/olga/ibm_lg/kmer-hashing/brawand2011/nfcore-rnaseq/human/single_end/STAR/SRR306844_GSM752697_hsa_cb_F_1Aligned.sortedByCoord.out.bam,Cerebellum,Human,/home/olga/ibm_lg/czbiohub-reference/gencode/human/v30/gencode.v30.annotation.gtf
SRR306845_GSM752698_hsa_cb_M_1,/home/olga/ibm_lg/kmer-hashing/brawand2011/kmermaid_uniprot_opisthokonta/extract_coding/SRR306845_GSM752698_hsa_cb_M_1__coding_reads_peptides.fasta,/home/olga/ibm_lg/kmer-hashing/brawand2011/kmermaid_existing_peptides_uniprot_opisthokonta/sketches_peptide/molecule-protein_ksize-27_log2sketchsize-14_trackabundance-true/SRR306845_GSM752698_hsa_cb_M_1__coding_reads_peptides_molecule-protein_ksize-27_log2sketchsize-14_trackabundance-true.sig,/home/olga/ibm_lg/kmer-hashing/brawand2011/nfcore-rnaseq/human/single_end/STAR/SRR306845_GSM752698_hsa_cb_M_1Aligned.sortedByCoord.out.bam,Cerebellum,Human,/home/olga/ibm_lg/czbiohub-reference/gencode/human/v30/gencode.v30.annotation.gtf
SRR306846_GSM752698_hsa_cb_M_1,/home/olga/ibm_lg/kmer-hashing/brawand2011/kmermaid_uniprot_opisthokonta/extract_coding/SRR306846_GSM752698_hsa_cb_M_1__coding_reads_peptides.fasta,/home/olga/ibm_lg/kmer-hashing/brawand2011/kmermaid_existing_peptides_uniprot_opisthokonta/sketches_peptide/molecule-protein_ksize-27_log2sketchsize-14_trackabundance-true/SRR306846_GSM752698_hsa_cb_M_1__coding_reads_peptides_molecule-protein_ksize-27_log2sketchsize-14_trackabundance-true.sig,/home/olga/ibm_lg/kmer-hashing/brawand2011/nfcore-rnaseq/human/single_end/STAR/SRR306846_GSM752698_hsa_cb_M_1Aligned.sortedByCoord.out.bam,Cerebellum,Human,/home/olga/ibm_lg/czbiohub-reference/gencode/human/v30/gencode.v30.annotation.gtf
SRR306847_GSM752699_hsa_ht_F_1,/home/olga/ibm_lg/kmer-hashing/brawand2011/kmermaid_uniprot_opisthokonta/extract_coding/SRR306847_GSM752699_hsa_ht_F_1__coding_reads_peptides.fasta,/home/olga/ibm_lg/kmer-hashing/brawand2011/kmermaid_existing_peptides_uniprot_opisthokonta/sketches_peptide/molecule-protein_ksize-27_log2sketchsize-14_trackabundance-true/SRR306847_GSM752699_hsa_ht_F_1__coding_reads_peptides_molecule-protein_ksize-27_log2sketchsize-14_trackabundance-true.sig,/home/olga/ibm_lg/kmer-hashing/brawand2011/nfcore-rnaseq/human/single_end/STAR/SRR306847_GSM752699_hsa_ht_F_1Aligned.sortedByCoord.out.bam,Heart,Human,/home/olga/ibm_lg/czbiohub-reference/gencode/human/v30/gencode.v30.annotation.gtf
SRR306848_GSM752700_hsa_ht_M_1,/home/olga/ibm_lg/kmer-hashing/brawand2011/kmermaid_uniprot_opisthokonta/extract_coding/SRR306848_GSM752700_hsa_ht_M_1__coding_reads_peptides.fasta,/home/olga/ibm_lg/kmer-hashing/brawand2011/kmermaid_existing_peptides_uniprot_opisthokonta/sketches_peptide/molecule-protein_ksize-27_log2sketchsize-14_trackabundance-true/SRR306848_GSM752700_hsa_ht_M_1__coding_reads_peptides_molecule-protein_ksize-27_log2sketchsize-14_trackabundance-true.sig,/home/olga/ibm_lg/kmer-hashing/brawand2011/nfcore-rnaseq/human/single_end/STAR/SRR306848_GSM752700_hsa_ht_M_1Aligned.sortedByCoord.out.bam,Heart,Human,/home/olga/ibm_lg/czbiohub-reference/gencode/human/v30/gencode.v30.annotation.gtf
SRR306849_GSM752700_hsa_ht_M_1,/home/olga/ibm_lg/kmer-hashing/brawand2011/kmermaid_uniprot_opisthokonta/extract_coding/SRR306849_GSM752700_hsa_ht_M_1__coding_reads_peptides.fasta,/home/olga/ibm_lg/kmer-hashing/brawand2011/kmermaid_existing_peptides_uniprot_opisthokonta/sketches_peptide/molecule-protein_ksize-27_log2sketchsize-14_trackabundance-true/SRR306849_GSM752700_hsa_ht_M_1__coding_reads_peptides_molecule-protein_ksize-27_log2sketchsize-14_trackabundance-true.sig,/home/olga/ibm_lg/kmer-hashing/brawand2011/nfcore-rnaseq/human/single_end/STAR/SRR306849_GSM752700_hsa_ht_M_1Aligned.sortedByCoord.out.bam,Heart,Human,/home/olga/ibm_lg/czbiohub-reference/gencode/human/v30/gencode.v30.annotation.gtf
SRR306850_GSM752701_hsa_ht_M_2,/home/olga/ibm_lg/kmer-hashing/brawand2011/kmermaid_uniprot_opisthokonta/extract_coding/SRR306850_GSM752701_hsa_ht_M_2__coding_reads_peptides.fasta,/home/olga/ibm_lg/kmer-hashing/brawand2011/kmermaid_existing_peptides_uniprot_opisthokonta/sketches_peptide/molecule-protein_ksize-27_log2sketchsize-14_trackabundance-true/SRR306850_GSM752701_hsa_ht_M_2__coding_reads_peptides_molecule-protein_ksize-27_log2sketchsize-14_trackabundance-true.sig,/home/olga/ibm_lg/kmer-hashing/brawand2011/nfcore-rnaseq/human/single_end/STAR/SRR306850_GSM752701_hsa_ht_M_2Aligned.sortedByCoord.out.bam,Heart,Human,/home/olga/ibm_lg/czbiohub-reference/gencode/human/v30/gencode.v30.annotation.gtf
SRR306851_GSM752702_hsa_kd_F_1,/home/olga/ibm_lg/kmer-hashing/brawand2011/kmermaid_uniprot_opisthokonta/extract_coding/SRR306851_GSM752702_hsa_kd_F_1__coding_reads_peptides.fasta,/home/olga/ibm_lg/kmer-hashing/brawand2011/kmermaid_existing_peptides_uniprot_opisthokonta/sketches_peptide/molecule-protein_ksize-27_log2sketchsize-14_trackabundance-true/SRR306851_GSM752702_hsa_kd_F_1__coding_reads_peptides_molecule-protein_ksize-27_log2sketchsize-14_trackabundance-true.sig,/home/olga/ibm_lg/kmer-hashing/brawand2011/nfcore-rnaseq/human/single_end/STAR/SRR306851_GSM752702_hsa_kd_F_1Aligned.sortedByCoord.out.bam,Kidney,Human,/home/olga/ibm_lg/czbiohub-reference/gencode/human/v30/gencode.v30.annotation.gtf
SRR306853_GSM752704_hsa_kd_M_2,/home/olga/ibm_lg/kmer-hashing/brawand2011/kmermaid_uniprot_opisthokonta/extract_coding/SRR306853_GSM752704_hsa_kd_M_2__coding_reads_peptides.fasta,/home/olga/ibm_lg/kmer-hashing/brawand2011/kmermaid_existing_peptides_uniprot_opisthokonta/sketches_peptide/molecule-protein_ksize-27_log2sketchsize-14_trackabundance-true/SRR306853_GSM752704_hsa_kd_M_2__coding_reads_peptides_molecule-protein_ksize-27_log2sketchsize-14_trackabundance-true.sig,/home/olga/ibm_lg/kmer-hashing/brawand2011/nfcore-rnaseq/human/single_end/STAR/SRR306853_GSM752704_hsa_kd_M_2Aligned.sortedByCoord.out.bam,Kidney,Human,/home/olga/ibm_lg/czbiohub-reference/gencode/human/v30/gencode.v30.annotation.gtf
SRR306854_GSM752705_hsa_lv_M_1,/home/olga/ibm_lg/kmer-hashing/brawand2011/kmermaid_uniprot_opisthokonta/extract_coding/SRR306854_GSM752705_hsa_lv_M_1__coding_reads_peptides.fasta,/home/olga/ibm_lg/kmer-hashing/brawand2011/kmermaid_existing_peptides_uniprot_opisthokonta/sketches_peptide/molecule-protein_ksize-27_log2sketchsize-14_trackabundance-true/SRR306854_GSM752705_hsa_lv_M_1__coding_reads_peptides_molecule-protein_ksize-27_log2sketchsize-14_trackabundance-true.sig,/home/olga/ibm_lg/kmer-hashing/brawand2011/nfcore-rnaseq/human/single_end/STAR/SRR306854_GSM752705_hsa_lv_M_1Aligned.sortedByCoord.out.bam,Liver,Human,/home/olga/ibm_lg/czbiohub-reference/gencode/human/v30/gencode.v30.annotation.gtf
SRR306855_GSM752705_hsa_lv_M_1,/home/olga/ibm_lg/kmer-hashing/brawand2011/kmermaid_uniprot_opisthokonta/extract_coding/SRR306855_GSM752705_hsa_lv_M_1__coding_reads_peptides.fasta,/home/olga/ibm_lg/kmer-hashing/brawand2011/kmermaid_existing_peptides_uniprot_opisthokonta/sketches_peptide/molecule-protein_ksize-27_log2sketchsize-14_trackabundance-true/SRR306855_GSM752705_hsa_lv_M_1__coding_reads_peptides_molecule-protein_ksize-27_log2sketchsize-14_trackabundance-true.sig,/home/olga/ibm_lg/kmer-hashing/brawand2011/nfcore-rnaseq/human/single_end/STAR/SRR306855_GSM752705_hsa_lv_M_1Aligned.sortedByCoord.out.bam,Liver,Human,/home/olga/ibm_lg/czbiohub-reference/gencode/human/v30/gencode.v30.annotation.gtf
SRR306856_GSM752706_hsa_lv_M_2,/home/olga/ibm_lg/kmer-hashing/brawand2011/kmermaid_uniprot_opisthokonta/extract_coding/SRR306856_GSM752706_hsa_lv_M_2__coding_reads_peptides.fasta,/home/olga/ibm_lg/kmer-hashing/brawand2011/kmermaid_existing_peptides_uniprot_opisthokonta/sketches_peptide/molecule-protein_ksize-27_log2sketchsize-14_trackabundance-true/SRR306856_GSM752706_hsa_lv_M_2__coding_reads_peptides_molecule-protein_ksize-27_log2sketchsize-14_trackabundance-true.sig,/home/olga/ibm_lg/kmer-hashing/brawand2011/nfcore-rnaseq/human/single_end/STAR/SRR306856_GSM752706_hsa_lv_M_2Aligned.sortedByCoord.out.bam,Liver,Human,/home/olga/ibm_lg/czbiohub-reference/gencode/human/v30/gencode.v30.annotation.gtf
SRR306857_GSM752707_hsa_ts_M_1,/home/olga/ibm_lg/kmer-hashing/brawand2011/kmermaid_uniprot_opisthokonta/extract_coding/SRR306857_GSM752707_hsa_ts_M_1__coding_reads_peptides.fasta,/home/olga/ibm_lg/kmer-hashing/brawand2011/kmermaid_existing_peptides_uniprot_opisthokonta/sketches_peptide/molecule-protein_ksize-27_log2sketchsize-14_trackabundance-true/SRR306857_GSM752707_hsa_ts_M_1__coding_reads_peptides_molecule-protein_ksize-27_log2sketchsize-14_trackabundance-true.sig,/home/olga/ibm_lg/kmer-hashing/brawand2011/nfcore-rnaseq/human/single_end/STAR/SRR306857_GSM752707_hsa_ts_M_1Aligned.sortedByCoord.out.bam,Testis,Human,/home/olga/ibm_lg/czbiohub-reference/gencode/human/v30/gencode.v30.annotation.gtf
SRR306858_GSM752708_hsa_ts_M_2,/home/olga/ibm_lg/kmer-hashing/brawand2011/kmermaid_uniprot_opisthokonta/extract_coding/SRR306858_GSM752708_hsa_ts_M_2__coding_reads_peptides.fasta,/home/olga/ibm_lg/kmer-hashing/brawand2011/kmermaid_existing_peptides_uniprot_opisthokonta/sketches_peptide/molecule-protein_ksize-27_log2sketchsize-14_trackabundance-true/SRR306858_GSM752708_hsa_ts_M_2__coding_reads_peptides_molecule-protein_ksize-27_log2sketchsize-14_trackabundance-true.sig,/home/olga/ibm_lg/kmer-hashing/brawand2011/nfcore-rnaseq/human/single_end/STAR/SRR306858_GSM752708_hsa_ts_M_2Aligned.sortedByCoord.out.bam,Testis,Human,/home/olga/ibm_lg/czbiohub-reference/gencode/human/v30/gencode.v30.annotation.gtf
